﻿Code Domaine,Domaine,Code zone (FAO),Zone,Code Élément,Élément,Code Produit,Produit,Code année,Année,Unité,Valeur,Symbole,Description du Symbole,Note
"MK","Indicateurs macro","2","Afghanistan","6185","Valeur US $ par habitant, aux prix du 2015","22008","Produit Intérieur Brut","2017","2017","US$","537.989563","X","Sources internationales sûres",""
"MK","Indicateurs macro","202","Afrique du Sud","6185","Valeur US $ par habitant, aux prix du 2015","22008","Produit Intérieur Brut","2017","2017","US$","5669.03416","X","Sources internationales sûres",""
"MK","Indicateurs macro","3","Albanie","6185","Valeur US $ par habitant, aux prix du 2015","22008","Produit Intérieur Brut","2017","2017","US$","4234.046731","X","Sources internationales sûres",""
"MK","Indicateurs macro","4","Algérie","6185","Valeur US $ par habitant, aux prix du 2015","22008","Produit Intérieur Brut","2017","2017","US$","4192.332126","X","Sources internationales sûres",""
"MK","Indicateurs macro","79","Allemagne","6185","Valeur US $ par habitant, aux prix du 2015","22008","Produit Intérieur Brut","2017","2017","US$","42589.201394","X","Sources internationales sûres",""
"MK","Indicateurs macro","6","Andorre","6185","Valeur US $ par habitant, aux prix du 2015","22008","Produit Intérieur Brut","2017","2017","US$","37690.667218","X","Sources internationales sûres",""
"MK","Indicateurs macro","7","Angola","6185","Valeur US $ par habitant, aux prix du 2015","22008","Produit Intérieur Brut","2017","2017","US$","3790.792808","X","Sources internationales sûres",""
"MK","Indicateurs macro","258","Anguilla","6185","Valeur US $ par habitant, aux prix du 2015","22008","Produit Intérieur Brut","2017","2017","US$","20690.778176","X","Sources internationales sûres",""
"MK","Indicateurs macro","8","Antigua-et-Barbuda","6185","Valeur US $ par habitant, aux prix du 2015","22008","Produit Intérieur Brut","2017","2017","US$","15242.446081","X","Sources internationales sûres",""
"MK","Indicateurs macro","194","Arabie saoudite","6185","Valeur US $ par habitant, aux prix du 2015","22008","Produit Intérieur Brut","2017","2017","US$","19946.955587","X","Sources internationales sûres",""
"MK","Indicateurs macro","9","Argentine","6185","Valeur US $ par habitant, aux prix du 2015","22008","Produit Intérieur Brut","2017","2017","US$","14756.056121","X","Sources internationales sûres",""
"MK","Indicateurs macro","1","Arménie","6185","Valeur US $ par habitant, aux prix du 2015","22008","Produit Intérieur Brut","2017","2017","US$","3860.179874","X","Sources internationales sûres",""
"MK","Indicateurs macro","22","Aruba","6185","Valeur US $ par habitant, aux prix du 2015","22008","Produit Intérieur Brut","2017","2017","US$","28836.186909","X","Sources internationales sûres",""
"MK","Indicateurs macro","10","Australie","6185","Valeur US $ par habitant, aux prix du 2015","22008","Produit Intérieur Brut","2017","2017","US$","53447.254923","X","Sources internationales sûres",""
"MK","Indicateurs macro","11","Autriche","6185","Valeur US $ par habitant, aux prix du 2015","22008","Produit Intérieur Brut","2017","2017","US$","45211.154478","X","Sources internationales sûres",""
"MK","Indicateurs macro","52","Azerbaïdjan","6185","Valeur US $ par habitant, aux prix du 2015","22008","Produit Intérieur Brut","2017","2017","US$","5233.881355","X","Sources internationales sûres",""
"MK","Indicateurs macro","12","Bahamas","6185","Valeur US $ par habitant, aux prix du 2015","22008","Produit Intérieur Brut","2017","2017","US$","32088.842447","X","Sources internationales sûres",""
"MK","Indicateurs macro","13","Bahreïn","6185","Valeur US $ par habitant, aux prix du 2015","22008","Produit Intérieur Brut","2017","2017","US$","22417.201928","X","Sources internationales sûres",""
"MK","Indicateurs macro","16","Bangladesh","6185","Valeur US $ par habitant, aux prix du 2015","22008","Produit Intérieur Brut","2017","2017","US$","1399.45273","X","Sources internationales sûres",""
"MK","Indicateurs macro","14","Barbade","6185","Valeur US $ par habitant, aux prix du 2015","22008","Produit Intérieur Brut","2017","2017","US$","16962.667395","X","Sources internationales sûres",""
"MK","Indicateurs macro","57","Bélarus","6185","Valeur US $ par habitant, aux prix du 2015","22008","Produit Intérieur Brut","2017","2017","US$","5975.020212","X","Sources internationales sûres",""
"MK","Indicateurs macro","255","Belgique","6185","Valeur US $ par habitant, aux prix du 2015","22008","Produit Intérieur Brut","2017","2017","US$","41640.986462","X","Sources internationales sûres",""
"MK","Indicateurs macro","23","Belize","6185","Valeur US $ par habitant, aux prix du 2015","22008","Produit Intérieur Brut","2017","2017","US$","4677.068329","X","Sources internationales sûres",""
"MK","Indicateurs macro","53","Bénin","6185","Valeur US $ par habitant, aux prix du 2015","22008","Produit Intérieur Brut","2017","2017","US$","1111.974605","X","Sources internationales sûres",""
"MK","Indicateurs macro","17","Bermudes","6185","Valeur US $ par habitant, aux prix du 2015","22008","Produit Intérieur Brut","2017","2017","US$","108638.535963","X","Sources internationales sûres",""
"MK","Indicateurs macro","18","Bhoutan","6185","Valeur US $ par habitant, aux prix du 2015","22008","Produit Intérieur Brut","2017","2017","US$","3040.933561","X","Sources internationales sûres",""
"MK","Indicateurs macro","19","Bolivie (État plurinational de)","6185","Valeur US $ par habitant, aux prix du 2015","22008","Produit Intérieur Brut","2017","2017","US$","3203.003876","X","Sources internationales sûres",""
"MK","Indicateurs macro","80","Bosnie-Herzégovine","6185","Valeur US $ par habitant, aux prix du 2015","22008","Produit Intérieur Brut","2017","2017","US$","5147.68307","X","Sources internationales sûres",""
"MK","Indicateurs macro","20","Botswana","6185","Valeur US $ par habitant, aux prix du 2015","22008","Produit Intérieur Brut","2017","2017","US$","7019.244218","X","Sources internationales sûres",""
"MK","Indicateurs macro","21","Brésil","6185","Valeur US $ par habitant, aux prix du 2015","22008","Produit Intérieur Brut","2017","2017","US$","8498.293988","X","Sources internationales sûres",""
"MK","Indicateurs macro","26","Brunéi Darussalam","6185","Valeur US $ par habitant, aux prix du 2015","22008","Produit Intérieur Brut","2017","2017","US$","30101.915377","X","Sources internationales sûres",""
"MK","Indicateurs macro","27","Bulgarie","6185","Valeur US $ par habitant, aux prix du 2015","22008","Produit Intérieur Brut","2017","2017","US$","7659.848535","X","Sources internationales sûres",""
"MK","Indicateurs macro","233","Burkina Faso","6185","Valeur US $ par habitant, aux prix du 2015","22008","Produit Intérieur Brut","2017","2017","US$","693.201636","X","Sources internationales sûres",""
"MK","Indicateurs macro","29","Burundi","6185","Valeur US $ par habitant, aux prix du 2015","22008","Produit Intérieur Brut","2017","2017","US$","279.178407","X","Sources internationales sûres",""
"MK","Indicateurs macro","35","Cabo Verde","6185","Valeur US $ par habitant, aux prix du 2015","22008","Produit Intérieur Brut","2017","2017","US$","3224.452418","X","Sources internationales sûres",""
"MK","Indicateurs macro","115","Cambodge","6185","Valeur US $ par habitant, aux prix du 2015","22008","Produit Intérieur Brut","2017","2017","US$","1289.495102","X","Sources internationales sûres",""
"MK","Indicateurs macro","32","Cameroun","6185","Valeur US $ par habitant, aux prix du 2015","22008","Produit Intérieur Brut","2017","2017","US$","1363.250837","X","Sources internationales sûres",""
"MK","Indicateurs macro","33","Canada","6185","Valeur US $ par habitant, aux prix du 2015","22008","Produit Intérieur Brut","2017","2017","US$","44089.232664","X","Sources internationales sûres",""
"MK","Indicateurs macro","40","Chili","6185","Valeur US $ par habitant, aux prix du 2015","22008","Produit Intérieur Brut","2017","2017","US$","13591.52975","X","Sources internationales sûres",""
"MK","Indicateurs macro","351","Chine","6185","Valeur US $ par habitant, aux prix du 2015","22008","Produit Intérieur Brut","2017","2017","US$","9110.058301","Fc","Donnée calculée",""
"MK","Indicateurs macro","96","Chine - RAS de Hong-Kong","6185","Valeur US $ par habitant, aux prix du 2015","22008","Produit Intérieur Brut","2017","2017","US$","44903.698711","X","Sources internationales sûres",""
"MK","Indicateurs macro","128","Chine - RAS de Macao","6185","Valeur US $ par habitant, aux prix du 2015","22008","Produit Intérieur Brut","2017","2017","US$","79489.647601","X","Sources internationales sûres",""
"MK","Indicateurs macro","41","Chine, continentale","6185","Valeur US $ par habitant, aux prix du 2015","22008","Produit Intérieur Brut","2017","2017","US$","8895.186762","X","Sources internationales sûres",""
"MK","Indicateurs macro","50","Chypre","6185","Valeur US $ par habitant, aux prix du 2015","22008","Produit Intérieur Brut","2017","2017","US$","25766.743932","X","Sources internationales sûres",""
"MK","Indicateurs macro","44","Colombie","6185","Valeur US $ par habitant, aux prix du 2015","22008","Produit Intérieur Brut","2017","2017","US$","6208.987757","X","Sources internationales sûres",""
"MK","Indicateurs macro","45","Comores","6185","Valeur US $ par habitant, aux prix du 2015","22008","Produit Intérieur Brut","2017","2017","US$","1287.676006","X","Sources internationales sûres",""
"MK","Indicateurs macro","46","Congo","6185","Valeur US $ par habitant, aux prix du 2015","22008","Produit Intérieur Brut","2017","2017","US$","1969.251165","X","Sources internationales sûres",""
"MK","Indicateurs macro","48","Costa Rica","6185","Valeur US $ par habitant, aux prix du 2015","22008","Produit Intérieur Brut","2017","2017","US$","11981.126073","X","Sources internationales sûres",""
"MK","Indicateurs macro","107","Côte d'Ivoire","6185","Valeur US $ par habitant, aux prix du 2015","22008","Produit Intérieur Brut","2017","2017","US$","2155.650545","X","Sources internationales sûres",""
"MK","Indicateurs macro","98","Croatie","6185","Valeur US $ par habitant, aux prix du 2015","22008","Produit Intérieur Brut","2017","2017","US$","12638.505687","X","Sources internationales sûres",""
"MK","Indicateurs macro","49","Cuba","6185","Valeur US $ par habitant, aux prix du 2015","22008","Produit Intérieur Brut","2017","2017","US$","7869.953672","X","Sources internationales sûres",""
"MK","Indicateurs macro","279","Curaçao","6185","Valeur US $ par habitant, aux prix du 2015","22008","Produit Intérieur Brut","2017","2017","US$","18929.60232","X","Sources internationales sûres",""
"MK","Indicateurs macro","54","Danemark","6185","Valeur US $ par habitant, aux prix du 2015","22008","Produit Intérieur Brut","2017","2017","US$","56053.760886","X","Sources internationales sûres",""
"MK","Indicateurs macro","72","Djibouti","6185","Valeur US $ par habitant, aux prix du 2015","22008","Produit Intérieur Brut","2017","2017","US$","2911.715059","X","Sources internationales sûres",""
"MK","Indicateurs macro","55","Dominique","6185","Valeur US $ par habitant, aux prix du 2015","22008","Produit Intérieur Brut","2017","2017","US$","7232.975726","X","Sources internationales sûres",""
"MK","Indicateurs macro","59","Égypte","6185","Valeur US $ par habitant, aux prix du 2015","22008","Produit Intérieur Brut","2017","2017","US$","3581.601044","X","Sources internationales sûres",""
"MK","Indicateurs macro","60","El Salvador","6185","Valeur US $ par habitant, aux prix du 2015","22008","Produit Intérieur Brut","2017","2017","US$","3846.875358","X","Sources internationales sûres",""
"MK","Indicateurs macro","225","Émirats arabes unis","6185","Valeur US $ par habitant, aux prix du 2015","22008","Produit Intérieur Brut","2017","2017","US$","39828.186492","X","Sources internationales sûres",""
"MK","Indicateurs macro","58","Équateur","6185","Valeur US $ par habitant, aux prix du 2015","22008","Produit Intérieur Brut","2017","2017","US$","5981.130836","X","Sources internationales sûres",""
"MK","Indicateurs macro","178","Érythrée","6185","Valeur US $ par habitant, aux prix du 2015","22008","Produit Intérieur Brut","2017","2017","US$","570.037103","X","Sources internationales sûres",""
"MK","Indicateurs macro","203","Espagne","6185","Valeur US $ par habitant, aux prix du 2015","22008","Produit Intérieur Brut","2017","2017","US$","27181.83682","X","Sources internationales sûres",""
"MK","Indicateurs macro","63","Estonie","6185","Valeur US $ par habitant, aux prix du 2015","22008","Produit Intérieur Brut","2017","2017","US$","19017.514099","X","Sources internationales sûres",""
"MK","Indicateurs macro","209","Eswatini","6185","Valeur US $ par habitant, aux prix du 2015","22008","Produit Intérieur Brut","2017","2017","US$","3741.603703","X","Sources internationales sûres",""
"MK","Indicateurs macro","231","États-Unis d'Amérique","6185","Valeur US $ par habitant, aux prix du 2015","22008","Produit Intérieur Brut","2017","2017","US$","58394.490295","X","Sources internationales sûres",""
"MK","Indicateurs macro","238","Éthiopie","6185","Valeur US $ par habitant, aux prix du 2015","22008","Produit Intérieur Brut","2017","2017","US$","698.279353","X","Sources internationales sûres",""
"MK","Indicateurs macro","185","Fédération de Russie","6185","Valeur US $ par habitant, aux prix du 2015","22008","Produit Intérieur Brut","2017","2017","US$","9585.023298","X","Sources internationales sûres",""
"MK","Indicateurs macro","66","Fidji","6185","Valeur US $ par habitant, aux prix du 2015","22008","Produit Intérieur Brut","2017","2017","US$","5767.075185","X","Sources internationales sûres",""
"MK","Indicateurs macro","67","Finlande","6185","Valeur US $ par habitant, aux prix du 2015","22008","Produit Intérieur Brut","2017","2017","US$","45163.608558","X","Sources internationales sûres",""
"MK","Indicateurs macro","68","France","6185","Valeur US $ par habitant, aux prix du 2015","22008","Produit Intérieur Brut","2017","2017","US$","37620.240341","X","Sources internationales sûres",""
"MK","Indicateurs macro","74","Gabon","6185","Valeur US $ par habitant, aux prix du 2015","22008","Produit Intérieur Brut","2017","2017","US$","7141.225293","X","Sources internationales sûres",""
"MK","Indicateurs macro","75","Gambie","6185","Valeur US $ par habitant, aux prix du 2015","22008","Produit Intérieur Brut","2017","2017","US$","665.2164","X","Sources internationales sûres",""
"MK","Indicateurs macro","73","Géorgie","6185","Valeur US $ par habitant, aux prix du 2015","22008","Produit Intérieur Brut","2017","2017","US$","4024.609751","X","Sources internationales sûres",""
"MK","Indicateurs macro","81","Ghana","6185","Valeur US $ par habitant, aux prix du 2015","22008","Produit Intérieur Brut","2017","2017","US$","1889.340177","X","Sources internationales sûres",""
"MK","Indicateurs macro","84","Grèce","6185","Valeur US $ par habitant, aux prix du 2015","22008","Produit Intérieur Brut","2017","2017","US$","18624.492217","X","Sources internationales sûres",""
"MK","Indicateurs macro","86","Grenade","6185","Valeur US $ par habitant, aux prix du 2015","22008","Produit Intérieur Brut","2017","2017","US$","9742.600883","X","Sources internationales sûres",""
"MK","Indicateurs macro","85","Groenland","6185","Valeur US $ par habitant, aux prix du 2015","22008","Produit Intérieur Brut","2017","2017","US$","46535.569801","X","Sources internationales sûres",""
"MK","Indicateurs macro","89","Guatemala","6185","Valeur US $ par habitant, aux prix du 2015","22008","Produit Intérieur Brut","2017","2017","US$","3888.968412","X","Sources internationales sûres",""
"MK","Indicateurs macro","90","Guinée","6185","Valeur US $ par habitant, aux prix du 2015","22008","Produit Intérieur Brut","2017","2017","US$","890.855668","X","Sources internationales sûres",""
"MK","Indicateurs macro","61","Guinée équatoriale","6185","Valeur US $ par habitant, aux prix du 2015","22008","Produit Intérieur Brut","2017","2017","US$","8980.193618","X","Sources internationales sûres",""
"MK","Indicateurs macro","175","Guinée-Bissau","6185","Valeur US $ par habitant, aux prix du 2015","22008","Produit Intérieur Brut","2017","2017","US$","644.871576","X","Sources internationales sûres",""
"MK","Indicateurs macro","91","Guyana","6185","Valeur US $ par habitant, aux prix du 2015","22008","Produit Intérieur Brut","2017","2017","US$","5945.018298","X","Sources internationales sûres",""
"MK","Indicateurs macro","93","Haïti","6185","Valeur US $ par habitant, aux prix du 2015","22008","Produit Intérieur Brut","2017","2017","US$","780.857911","X","Sources internationales sûres",""
"MK","Indicateurs macro","95","Honduras","6185","Valeur US $ par habitant, aux prix du 2015","22008","Produit Intérieur Brut","2017","2017","US$","2423.591116","X","Sources internationales sûres",""
"MK","Indicateurs macro","97","Hongrie","6185","Valeur US $ par habitant, aux prix du 2015","22008","Produit Intérieur Brut","2017","2017","US$","13696.610479","X","Sources internationales sûres",""
"MK","Indicateurs macro","36","Îles Caïmanes","6185","Valeur US $ par habitant, aux prix du 2015","22008","Produit Intérieur Brut","2017","2017","US$","80353.808999","X","Sources internationales sûres",""
"MK","Indicateurs macro","47","Îles Cook","6185","Valeur US $ par habitant, aux prix du 2015","22008","Produit Intérieur Brut","2017","2017","US$","19830.826695","X","Sources internationales sûres",""
"MK","Indicateurs macro","127","Îles Marshall","6185","Valeur US $ par habitant, aux prix du 2015","22008","Produit Intérieur Brut","2017","2017","US$","3325.87328","X","Sources internationales sûres",""
"MK","Indicateurs macro","25","Îles Salomon","6185","Valeur US $ par habitant, aux prix du 2015","22008","Produit Intérieur Brut","2017","2017","US$","1877.996529","X","Sources internationales sûres",""
"MK","Indicateurs macro","224","Îles Turques-et-Caïques","6185","Valeur US $ par habitant, aux prix du 2015","22008","Produit Intérieur Brut","2017","2017","US$","26545.076337","X","Sources internationales sûres",""
"MK","Indicateurs macro","239","Îles Vierges britanniques","6185","Valeur US $ par habitant, aux prix du 2015","22008","Produit Intérieur Brut","2017","2017","US$","42911.329618","X","Sources internationales sûres",""
"MK","Indicateurs macro","100","Inde","6185","Valeur US $ par habitant, aux prix du 2015","22008","Produit Intérieur Brut","2017","2017","US$","1858.327614","X","Sources internationales sûres",""
"MK","Indicateurs macro","101","Indonésie","6185","Valeur US $ par habitant, aux prix du 2015","22008","Produit Intérieur Brut","2017","2017","US$","3589.715614","X","Sources internationales sûres",""
"MK","Indicateurs macro","102","Iran (République islamique d')","6185","Valeur US $ par habitant, aux prix du 2015","22008","Produit Intérieur Brut","2017","2017","US$","5737.857134","X","Sources internationales sûres",""
"MK","Indicateurs macro","103","Iraq","6185","Valeur US $ par habitant, aux prix du 2015","22008","Produit Intérieur Brut","2017","2017","US$","4862.948809","X","Sources internationales sûres",""
"MK","Indicateurs macro","104","Irlande","6185","Valeur US $ par habitant, aux prix du 2015","22008","Produit Intérieur Brut","2017","2017","US$","68264.255121","X","Sources internationales sûres",""
"MK","Indicateurs macro","99","Islande","6185","Valeur US $ par habitant, aux prix du 2015","22008","Produit Intérieur Brut","2017","2017","US$","57968.846441","X","Sources internationales sûres",""
"MK","Indicateurs macro","105","Israël","6185","Valeur US $ par habitant, aux prix du 2015","22008","Produit Intérieur Brut","2017","2017","US$","39168.057821","X","Sources internationales sûres",""
"MK","Indicateurs macro","106","Italie","6185","Valeur US $ par habitant, aux prix du 2015","22008","Produit Intérieur Brut","2017","2017","US$","31161.148093","X","Sources internationales sûres",""
"MK","Indicateurs macro","109","Jamaïque","6185","Valeur US $ par habitant, aux prix du 2015","22008","Produit Intérieur Brut","2017","2017","US$","4976.796534","X","Sources internationales sûres",""
"MK","Indicateurs macro","110","Japon","6185","Valeur US $ par habitant, aux prix du 2015","22008","Produit Intérieur Brut","2017","2017","US$","35356.574611","X","Sources internationales sûres",""
"MK","Indicateurs macro","112","Jordanie","6185","Valeur US $ par habitant, aux prix du 2015","22008","Produit Intérieur Brut","2017","2017","US$","4105.761652","X","Sources internationales sûres",""
"MK","Indicateurs macro","108","Kazakhstan","6185","Valeur US $ par habitant, aux prix du 2015","22008","Produit Intérieur Brut","2017","2017","US$","10733.382561","X","Sources internationales sûres",""
"MK","Indicateurs macro","114","Kenya","6185","Valeur US $ par habitant, aux prix du 2015","22008","Produit Intérieur Brut","2017","2017","US$","1414.297229","X","Sources internationales sûres",""
"MK","Indicateurs macro","113","Kirghizistan","6185","Valeur US $ par habitant, aux prix du 2015","22008","Produit Intérieur Brut","2017","2017","US$","1179.049215","X","Sources internationales sûres",""
"MK","Indicateurs macro","83","Kiribati","6185","Valeur US $ par habitant, aux prix du 2015","22008","Produit Intérieur Brut","2017","2017","US$","1571.716048","X","Sources internationales sûres",""
"MK","Indicateurs macro","118","Koweït","6185","Valeur US $ par habitant, aux prix du 2015","22008","Produit Intérieur Brut","2017","2017","US$","27706.665645","X","Sources internationales sûres",""
"MK","Indicateurs macro","122","Lesotho","6185","Valeur US $ par habitant, aux prix du 2015","22008","Produit Intérieur Brut","2017","2017","US$","1175.724878","X","Sources internationales sûres",""
"MK","Indicateurs macro","119","Lettonie","6185","Valeur US $ par habitant, aux prix du 2015","22008","Produit Intérieur Brut","2017","2017","US$","14757.09665","X","Sources internationales sûres",""
"MK","Indicateurs macro","121","Liban","6185","Valeur US $ par habitant, aux prix du 2015","22008","Produit Intérieur Brut","2017","2017","US$","7498.422447","X","Sources internationales sûres",""
"MK","Indicateurs macro","123","Libéria","6185","Valeur US $ par habitant, aux prix du 2015","22008","Produit Intérieur Brut","2017","2017","US$","578.884634","X","Sources internationales sûres",""
"MK","Indicateurs macro","124","Libye","6185","Valeur US $ par habitant, aux prix du 2015","22008","Produit Intérieur Brut","2017","2017","US$","3694.176474","X","Sources internationales sûres",""
"MK","Indicateurs macro","125","Liechtenstein","6185","Valeur US $ par habitant, aux prix du 2015","22008","Produit Intérieur Brut","2017","2017","US$","175085.055584","X","Sources internationales sûres",""
"MK","Indicateurs macro","126","Lituanie","6185","Valeur US $ par habitant, aux prix du 2015","22008","Produit Intérieur Brut","2017","2017","US$","15562.102988","X","Sources internationales sûres",""
"MK","Indicateurs macro","256","Luxembourg","6185","Valeur US $ par habitant, aux prix du 2015","22008","Produit Intérieur Brut","2017","2017","US$","103856.495616","X","Sources internationales sûres",""
"MK","Indicateurs macro","154","Macédoine du Nord","6185","Valeur US $ par habitant, aux prix du 2015","22008","Produit Intérieur Brut","2017","2017","US$","5025.534364","X","Sources internationales sûres",""
"MK","Indicateurs macro","129","Madagascar","6185","Valeur US $ par habitant, aux prix du 2015","22008","Produit Intérieur Brut","2017","2017","US$","478.610633","X","Sources internationales sûres",""
"MK","Indicateurs macro","131","Malaisie","6185","Valeur US $ par habitant, aux prix du 2015","22008","Produit Intérieur Brut","2017","2017","US$","10707.750516","X","Sources internationales sûres",""
"MK","Indicateurs macro","130","Malawi","6185","Valeur US $ par habitant, aux prix du 2015","22008","Produit Intérieur Brut","2017","2017","US$","393.234522","X","Sources internationales sûres",""
"MK","Indicateurs macro","132","Maldives","6185","Valeur US $ par habitant, aux prix du 2015","22008","Produit Intérieur Brut","2017","2017","US$","9437.862756","X","Sources internationales sûres",""
"MK","Indicateurs macro","133","Mali","6185","Valeur US $ par habitant, aux prix du 2015","22008","Produit Intérieur Brut","2017","2017","US$","822.171622","X","Sources internationales sûres",""
"MK","Indicateurs macro","134","Malte","6185","Valeur US $ par habitant, aux prix du 2015","22008","Produit Intérieur Brut","2017","2017","US$","27566.512312","X","Sources internationales sûres",""
"MK","Indicateurs macro","143","Maroc","6185","Valeur US $ par habitant, aux prix du 2015","22008","Produit Intérieur Brut","2017","2017","US$","3105.017333","X","Sources internationales sûres",""
"MK","Indicateurs macro","137","Maurice","6185","Valeur US $ par habitant, aux prix du 2015","22008","Produit Intérieur Brut","2017","2017","US$","9967.651606","X","Sources internationales sûres",""
"MK","Indicateurs macro","136","Mauritanie","6185","Valeur US $ par habitant, aux prix du 2015","22008","Produit Intérieur Brut","2017","2017","US$","1509.142383","X","Sources internationales sûres",""
"MK","Indicateurs macro","138","Mexique","6185","Valeur US $ par habitant, aux prix du 2015","22008","Produit Intérieur Brut","2017","2017","US$","9858.780245","X","Sources internationales sûres",""
"MK","Indicateurs macro","145","Micronésie (États fédérés de)","6185","Valeur US $ par habitant, aux prix du 2015","22008","Produit Intérieur Brut","2017","2017","US$","2942.019995","X","Sources internationales sûres",""
"MK","Indicateurs macro","140","Monaco","6185","Valeur US $ par habitant, aux prix du 2015","22008","Produit Intérieur Brut","2017","2017","US$","162754.602681","X","Sources internationales sûres",""
"MK","Indicateurs macro","141","Mongolie","6185","Valeur US $ par habitant, aux prix du 2015","22008","Produit Intérieur Brut","2017","2017","US$","4058.329042","X","Sources internationales sûres",""
"MK","Indicateurs macro","273","Monténégro","6185","Valeur US $ par habitant, aux prix du 2015","22008","Produit Intérieur Brut","2017","2017","US$","6962.522959","X","Sources internationales sûres",""
"MK","Indicateurs macro","142","Montserrat","6185","Valeur US $ par habitant, aux prix du 2015","22008","Produit Intérieur Brut","2017","2017","US$","12006.437565","X","Sources internationales sûres",""
"MK","Indicateurs macro","144","Mozambique","6185","Valeur US $ par habitant, aux prix du 2015","22008","Produit Intérieur Brut","2017","2017","US$","599.691664","X","Sources internationales sûres",""
"MK","Indicateurs macro","28","Myanmar","6185","Valeur US $ par habitant, aux prix du 2015","22008","Produit Intérieur Brut","2017","2017","US$","1345.561337","X","Sources internationales sûres",""
"MK","Indicateurs macro","147","Namibie","6185","Valeur US $ par habitant, aux prix du 2015","22008","Produit Intérieur Brut","2017","2017","US$","4666.412704","X","Sources internationales sûres",""
"MK","Indicateurs macro","148","Nauru","6185","Valeur US $ par habitant, aux prix du 2015","22008","Produit Intérieur Brut","2017","2017","US$","9663.711646","X","Sources internationales sûres",""
"MK","Indicateurs macro","149","Népal","6185","Valeur US $ par habitant, aux prix du 2015","22008","Produit Intérieur Brut","2017","2017","US$","819.475419","X","Sources internationales sûres",""
"MK","Indicateurs macro","157","Nicaragua","6185","Valeur US $ par habitant, aux prix du 2015","22008","Produit Intérieur Brut","2017","2017","US$","2185.886833","X","Sources internationales sûres",""
"MK","Indicateurs macro","158","Niger","6185","Valeur US $ par habitant, aux prix du 2015","22008","Produit Intérieur Brut","2017","2017","US$","496.197426","X","Sources internationales sûres",""
"MK","Indicateurs macro","159","Nigéria","6185","Valeur US $ par habitant, aux prix du 2015","22008","Produit Intérieur Brut","2017","2017","US$","2570.026564","X","Sources internationales sûres",""
"MK","Indicateurs macro","162","Norvège","6185","Valeur US $ par habitant, aux prix du 2015","22008","Produit Intérieur Brut","2017","2017","US$","75334.270167","X","Sources internationales sûres",""
"MK","Indicateurs macro","153","Nouvelle-Calédonie","6185","Valeur US $ par habitant, aux prix du 2015","22008","Produit Intérieur Brut","2017","2017","US$","32914.196666","X","Sources internationales sûres",""
"MK","Indicateurs macro","156","Nouvelle-Zélande","6185","Valeur US $ par habitant, aux prix du 2015","22008","Produit Intérieur Brut","2017","2017","US$","40735.952333","X","Sources internationales sûres",""
"MK","Indicateurs macro","221","Oman","6185","Valeur US $ par habitant, aux prix du 2015","22008","Produit Intérieur Brut","2017","2017","US$","15459.946575","X","Sources internationales sûres",""
"MK","Indicateurs macro","226","Ouganda","6185","Valeur US $ par habitant, aux prix du 2015","22008","Produit Intérieur Brut","2017","2017","US$","653.64358","X","Sources internationales sûres",""
"MK","Indicateurs macro","235","Ouzbékistan","6185","Valeur US $ par habitant, aux prix du 2015","22008","Produit Intérieur Brut","2017","2017","US$","2838.239928","X","Sources internationales sûres",""
"MK","Indicateurs macro","165","Pakistan","6185","Valeur US $ par habitant, aux prix du 2015","22008","Produit Intérieur Brut","2017","2017","US$","1430.670248","X","Sources internationales sûres",""
"MK","Indicateurs macro","180","Palaos","6185","Valeur US $ par habitant, aux prix du 2015","22008","Produit Intérieur Brut","2017","2017","US$","15208.847484","X","Sources internationales sûres",""
"MK","Indicateurs macro","299","Palestine","6185","Valeur US $ par habitant, aux prix du 2015","22008","Produit Intérieur Brut","2017","2017","US$","3249.665542","X","Sources internationales sûres",""
"MK","Indicateurs macro","166","Panama","6185","Valeur US $ par habitant, aux prix du 2015","22008","Produit Intérieur Brut","2017","2017","US$","14596.723322","X","Sources internationales sûres",""
"MK","Indicateurs macro","168","Papouasie-Nouvelle-Guinée","6185","Valeur US $ par habitant, aux prix du 2015","22008","Produit Intérieur Brut","2017","2017","US$","2811.786282","X","Sources internationales sûres",""
"MK","Indicateurs macro","169","Paraguay","6185","Valeur US $ par habitant, aux prix du 2015","22008","Produit Intérieur Brut","2017","2017","US$","5765.572985","X","Sources internationales sûres",""
"MK","Indicateurs macro","150","Pays-Bas","6185","Valeur US $ par habitant, aux prix du 2015","22008","Produit Intérieur Brut","2017","2017","US$","47281.905012","X","Sources internationales sûres",""
"MK","Indicateurs macro","170","Pérou","6185","Valeur US $ par habitant, aux prix du 2015","22008","Produit Intérieur Brut","2017","2017","US$","6432.845262","X","Sources internationales sûres",""
"MK","Indicateurs macro","171","Philippines","6185","Valeur US $ par habitant, aux prix du 2015","22008","Produit Intérieur Brut","2017","2017","US$","3174.053838","X","Sources internationales sûres",""
"MK","Indicateurs macro","173","Pologne","6185","Valeur US $ par habitant, aux prix du 2015","22008","Produit Intérieur Brut","2017","2017","US$","13612.299603","X","Sources internationales sûres",""
"MK","Indicateurs macro","70","Polynésie française","6185","Valeur US $ par habitant, aux prix du 2015","22008","Produit Intérieur Brut","2017","2017","US$","20198.994584","X","Sources internationales sûres",""
"MK","Indicateurs macro","177","Porto Rico","6185","Valeur US $ par habitant, aux prix du 2015","22008","Produit Intérieur Brut","2017","2017","US$","31332.050529","X","Sources internationales sûres",""
"MK","Indicateurs macro","174","Portugal","6185","Valeur US $ par habitant, aux prix du 2015","22008","Produit Intérieur Brut","2017","2017","US$","20456.648067","X","Sources internationales sûres",""
"MK","Indicateurs macro","179","Qatar","6185","Valeur US $ par habitant, aux prix du 2015","22008","Produit Intérieur Brut","2017","2017","US$","61582.93308","X","Sources internationales sûres",""
"MK","Indicateurs macro","212","République arabe syrienne","6185","Valeur US $ par habitant, aux prix du 2015","22008","Produit Intérieur Brut","2017","2017","US$","1056.13884","X","Sources internationales sûres",""
"MK","Indicateurs macro","37","République centrafricaine","6185","Valeur US $ par habitant, aux prix du 2015","22008","Produit Intérieur Brut","2017","2017","US$","403.696862","X","Sources internationales sûres",""
"MK","Indicateurs macro","117","République de Corée","6185","Valeur US $ par habitant, aux prix du 2015","22008","Produit Intérieur Brut","2017","2017","US$","30464.871885","X","Sources internationales sûres",""
"MK","Indicateurs macro","146","République de Moldova","6185","Valeur US $ par habitant, aux prix du 2015","22008","Produit Intérieur Brut","2017","2017","US$","2085.396849","X","Sources internationales sûres",""
"MK","Indicateurs macro","250","République démocratique du Congo","6185","Valeur US $ par habitant, aux prix du 2015","22008","Produit Intérieur Brut","2017","2017","US$","494.654097","X","Sources internationales sûres",""
"MK","Indicateurs macro","120","République démocratique populaire lao","6185","Valeur US $ par habitant, aux prix du 2015","22008","Produit Intérieur Brut","2017","2017","US$","2367.685959","X","Sources internationales sûres",""
"MK","Indicateurs macro","56","République dominicaine","6185","Valeur US $ par habitant, aux prix du 2015","22008","Produit Intérieur Brut","2017","2017","US$","7555.819097","X","Sources internationales sûres",""
"MK","Indicateurs macro","116","République populaire démocratique de Corée","6185","Valeur US $ par habitant, aux prix du 2015","22008","Produit Intérieur Brut","2017","2017","US$","645.186917","X","Sources internationales sûres",""
"MK","Indicateurs macro","215","République-Unie de Tanzanie","6185","Valeur US $ par habitant, aux prix du 2015","22008","Produit Intérieur Brut","2017","2017","US$","1013.703705","X","Sources internationales sûres",""
"MK","Indicateurs macro","183","Roumanie","6185","Valeur US $ par habitant, aux prix du 2015","22008","Produit Intérieur Brut","2017","2017","US$","10160.472015","X","Sources internationales sûres",""
"MK","Indicateurs macro","229","Royaume-Uni de Grande-Bretagne et d'Irlande du Nord","6185","Valeur US $ par habitant, aux prix du 2015","22008","Produit Intérieur Brut","2017","2017","US$","45486.778676","X","Sources internationales sûres",""
"MK","Indicateurs macro","184","Rwanda","6185","Valeur US $ par habitant, aux prix du 2015","22008","Produit Intérieur Brut","2017","2017","US$","784.719674","X","Sources internationales sûres",""
"MK","Indicateurs macro","189","Sainte-Lucie","6185","Valeur US $ par habitant, aux prix du 2015","22008","Produit Intérieur Brut","2017","2017","US$","10694.990263","X","Sources internationales sûres",""
"MK","Indicateurs macro","188","Saint-Kitts-et-Nevis","6185","Valeur US $ par habitant, aux prix du 2015","22008","Produit Intérieur Brut","2017","2017","US$","17878.327631","X","Sources internationales sûres",""
"MK","Indicateurs macro","192","Saint-Marin","6185","Valeur US $ par habitant, aux prix du 2015","22008","Produit Intérieur Brut","2017","2017","US$","43434.439373","X","Sources internationales sûres",""
"MK","Indicateurs macro","191","Saint-Vincent-et-les Grenadines","6185","Valeur US $ par habitant, aux prix du 2015","22008","Produit Intérieur Brut","2017","2017","US$","7078.708845","X","Sources internationales sûres",""
"MK","Indicateurs macro","244","Samoa","6185","Valeur US $ par habitant, aux prix du 2015","22008","Produit Intérieur Brut","2017","2017","US$","4149.642458","X","Sources internationales sûres",""
"MK","Indicateurs macro","193","Sao Tomé-et-Principe","6185","Valeur US $ par habitant, aux prix du 2015","22008","Produit Intérieur Brut","2017","2017","US$","1662.434462","X","Sources internationales sûres",""
"MK","Indicateurs macro","195","Sénégal","6185","Valeur US $ par habitant, aux prix du 2015","22008","Produit Intérieur Brut","2017","2017","US$","1315.850446","X","Sources internationales sûres",""
"MK","Indicateurs macro","272","Serbie","6185","Valeur US $ par habitant, aux prix du 2015","22008","Produit Intérieur Brut","2017","2017","US$","5943.087543","X","Sources internationales sûres",""
"MK","Indicateurs macro","196","Seychelles","6185","Valeur US $ par habitant, aux prix du 2015","22008","Produit Intérieur Brut","2017","2017","US$","15592.210596","X","Sources internationales sûres",""
"MK","Indicateurs macro","197","Sierra Leone","6185","Valeur US $ par habitant, aux prix du 2015","22008","Produit Intérieur Brut","2017","2017","US$","626.100534","X","Sources internationales sûres",""
"MK","Indicateurs macro","200","Singapour","6185","Valeur US $ par habitant, aux prix du 2015","22008","Produit Intérieur Brut","2017","2017","US$","58124.722485","X","Sources internationales sûres",""
"MK","Indicateurs macro","280","Sint Maarten (partie néerlandaise)","6185","Valeur US $ par habitant, aux prix du 2015","22008","Produit Intérieur Brut","2017","2017","US$","23672.180089","X","Sources internationales sûres",""
"MK","Indicateurs macro","199","Slovaquie","6185","Valeur US $ par habitant, aux prix du 2015","22008","Produit Intérieur Brut","2017","2017","US$","17089.899254","X","Sources internationales sûres",""
"MK","Indicateurs macro","198","Slovénie","6185","Valeur US $ par habitant, aux prix du 2015","22008","Produit Intérieur Brut","2017","2017","US$","22441.322333","X","Sources internationales sûres",""
"MK","Indicateurs macro","201","Somalie","6185","Valeur US $ par habitant, aux prix du 2015","22008","Produit Intérieur Brut","2017","2017","US$","104.023407","X","Sources internationales sûres",""
"MK","Indicateurs macro","276","Soudan","6185","Valeur US $ par habitant, aux prix du 2015","22008","Produit Intérieur Brut","2017","2017","US$","2229.59798","X","Sources internationales sûres",""
"MK","Indicateurs macro","277","Soudan du Sud","6185","Valeur US $ par habitant, aux prix du 2015","22008","Produit Intérieur Brut","2017","2017","US$","540.43954","X","Sources internationales sûres",""
"MK","Indicateurs macro","38","Sri Lanka","6185","Valeur US $ par habitant, aux prix du 2015","22008","Produit Intérieur Brut","2017","2017","US$","4128.829368","X","Sources internationales sûres",""
"MK","Indicateurs macro","210","Suède","6185","Valeur US $ par habitant, aux prix du 2015","22008","Produit Intérieur Brut","2017","2017","US$","53387.908325","X","Sources internationales sûres",""
"MK","Indicateurs macro","211","Suisse","6185","Valeur US $ par habitant, aux prix du 2015","22008","Produit Intérieur Brut","2017","2017","US$","86078.773542","X","Sources internationales sûres",""
"MK","Indicateurs macro","207","Suriname","6185","Valeur US $ par habitant, aux prix du 2015","22008","Produit Intérieur Brut","2017","2017","US$","8064.852856","X","Sources internationales sûres",""
"MK","Indicateurs macro","208","Tadjikistan","6185","Valeur US $ par habitant, aux prix du 2015","22008","Produit Intérieur Brut","2017","2017","US$","1066.275036","X","Sources internationales sûres",""
"MK","Indicateurs macro","39","Tchad","6185","Valeur US $ par habitant, aux prix du 2015","22008","Produit Intérieur Brut","2017","2017","US$","739.449573","X","Sources internationales sûres",""
"MK","Indicateurs macro","167","Tchéquie","6185","Valeur US $ par habitant, aux prix du 2015","22008","Produit Intérieur Brut","2017","2017","US$","19055.431109","X","Sources internationales sûres",""
"MK","Indicateurs macro","216","Thaïlande","6185","Valeur US $ par habitant, aux prix du 2015","22008","Produit Intérieur Brut","2017","2017","US$","6234.025205","X","Sources internationales sûres",""
"MK","Indicateurs macro","176","Timor-Leste","6185","Valeur US $ par habitant, aux prix du 2015","22008","Produit Intérieur Brut","2017","2017","US$","1271.201184","X","Sources internationales sûres",""
"MK","Indicateurs macro","217","Togo","6185","Valeur US $ par habitant, aux prix du 2015","22008","Produit Intérieur Brut","2017","2017","US$","803.512014","X","Sources internationales sûres",""
"MK","Indicateurs macro","219","Tonga","6185","Valeur US $ par habitant, aux prix du 2015","22008","Produit Intérieur Brut","2017","2017","US$","4353.266576","X","Sources internationales sûres",""
"MK","Indicateurs macro","220","Trinité-et-Tobago","6185","Valeur US $ par habitant, aux prix du 2015","22008","Produit Intérieur Brut","2017","2017","US$","16515.017541","X","Sources internationales sûres",""
"MK","Indicateurs macro","222","Tunisie","6185","Valeur US $ par habitant, aux prix du 2015","22008","Produit Intérieur Brut","2017","2017","US$","3896.532802","X","Sources internationales sûres",""
"MK","Indicateurs macro","213","Turkménistan","6185","Valeur US $ par habitant, aux prix du 2015","22008","Produit Intérieur Brut","2017","2017","US$","7079.919373","X","Sources internationales sûres",""
"MK","Indicateurs macro","223","Turquie","6185","Valeur US $ par habitant, aux prix du 2015","22008","Produit Intérieur Brut","2017","2017","US$","11835.224148","X","Sources internationales sûres",""
"MK","Indicateurs macro","227","Tuvalu","6185","Valeur US $ par habitant, aux prix du 2015","22008","Produit Intérieur Brut","2017","2017","US$","3456.711467","X","Sources internationales sûres",""
"MK","Indicateurs macro","230","Ukraine","6185","Valeur US $ par habitant, aux prix du 2015","22008","Produit Intérieur Brut","2017","2017","US$","2147.844271","X","Sources internationales sûres",""
"MK","Indicateurs macro","234","Uruguay","6185","Valeur US $ par habitant, aux prix du 2015","22008","Produit Intérieur Brut","2017","2017","US$","16172.325954","X","Sources internationales sûres",""
"MK","Indicateurs macro","155","Vanuatu","6185","Valeur US $ par habitant, aux prix du 2015","22008","Produit Intérieur Brut","2017","2017","US$","2874.669838","X","Sources internationales sûres",""
"MK","Indicateurs macro","236","Venezuela (République bolivarienne du)","6185","Valeur US $ par habitant, aux prix du 2015","22008","Produit Intérieur Brut","2017","2017","US$","8187.618253","X","Sources internationales sûres",""
"MK","Indicateurs macro","237","Viet Nam","6185","Valeur US $ par habitant, aux prix du 2015","22008","Produit Intérieur Brut","2017","2017","US$","2317.368699","X","Sources internationales sûres",""
"MK","Indicateurs macro","249","Yémen","6185","Valeur US $ par habitant, aux prix du 2015","22008","Produit Intérieur Brut","2017","2017","US$","736.430635","X","Sources internationales sûres",""
"MK","Indicateurs macro","251","Zambie","6185","Valeur US $ par habitant, aux prix du 2015","22008","Produit Intérieur Brut","2017","2017","US$","1329.4083","X","Sources internationales sûres",""
"MK","Indicateurs macro","181","Zimbabwe","6185","Valeur US $ par habitant, aux prix du 2015","22008","Produit Intérieur Brut","2017","2017","US$","1479.299375","X","Sources internationales sûres",""
